CUST_ID,BALANCE,BALANCE_FREQUENCY,PURCHASES,INSTALLMENTS_PURCHASES,CASH_ADVANCE,PURCHASES_FREQUENCY,PURCHASES_INSTALLMENTS_FREQUENCY,CASH_ADVANCE_FREQUENCY,CREDIT_LIMIT,PAYMENTS
C10001,40.900749,0.818182,95.4,95.4,0,0.166667,0.083333,0,1000,201.802084
C10002,3202.467416,0.909091,0,0,6442.945483,0,0,0.25,7000,4103.032597
C10003,2495.148862,1,773.17,0,0,1,0,0,7500,622.066742
C10004,1666.670542,0.636364,1499,0,205.788017,0.083333,0,0.083333,7500,0
C10005,817.714335,1,16,0,0,0.083333,0,0,1200,678.334763
C10006,1809.828751,1,1333.28,1333.28,0,0.666667,0.583333,0,1800,1400.05777
C10007,627.260806,1,7091.01,688.38,0,1,1,0,13500,6354.314328
C10008,1823.652743,1,436.2,436.2,0,1,1,0,2300,679.065082
C10009,1014.926473,1,861.49,200,0,0.333333,0.25,0,7000,688.278568
C10010,152.225975,0.545455,1281.6,0,0,0.166667,0,0,11000,1164.770591
C10011,1293.124939,1,920.12,920.12,0,1,1,0,1200,1083.301007
C10012,630.794744,0.818182,1492.18,0,0,0.25,0,0,2000,705.618627
C10013,1516.92862,1,3217.99,717.76,0,1,0.916667,0,3000,608.263689
C10014,921.693369,1,2137.93,1717.97,0,0.75,0.75,0,7500,1655.891435
C10015,2772.772734,1,0,0,346.81139,0,0,0.083333,3000,805.647974
C10016,6886.213231,1,1611.7,1611.7,2301.491267,0.5,0.5,0.166667,8000,1993.439277
C10017,2072.074354,0.875,0,0,2784.274703,0,0,0.25,3000,391.974562
C10018,41.089489,0.454545,519,519,0,0.416667,0.333333,0,2500,254.590662
C10019,1989.072228,1,504.35,338.35,0,0.666667,0.583333,0,13000,1720.837373
C10020,3577.970933,1,398.64,398.64,0,1,1,0,4000,1053.980464
C10021,2016.684686,1,176.68,176.68,0,0.666667,0.666667,0,2000,223.0686
C10022,6369.531318,1,6359.95,449.91,229.028245,1,1,0.333333,11250,2077.959051
C10023,132.34224,0.636364,815.9,815.9,0,1,1,0,1800,2359.629958
C10024,3800.151377,0.818182,4248.35,793.79,7974.415626,1,0.916667,0.333333,9000,9479.043842
C10025,5368.571219,1,0,0,798.949863,0,0,0.363636,6000,1422.726707
C10026,169.781679,1,399.6,399.6,0,1,1,0,3000,215.306142
C10027,1615.96724,1,102,0,244.840485,0.166667,0,0.25,1700,890.178845
C10028,125.694817,1,233.28,233.28,0,1,1,0,1000,207.773715
C10029,7152.864372,1,387.05,182.5,2236.145259,0.666667,0.416667,0.833333,10500,1601.448347
C10030,22.06349,1,100,100,0,0.416667,0.416667,0,6900,160.767773
C10031,12136.21996,1,3038.01,2024.81,3183.583301,1,1,0.5,13000,4230.323491
C10032,1162.273324,1,1347.71,947.71,175.815755,1,1,0.166667,6000,645.998299
C10033,6732.823064,1,324.95,0,1189.533753,0.083333,0,0.166667,10500,1720.118876
C10034,125.660453,1,636.79,0,0,0.916667,0,0,1200,423.449696
C10035,3517.101616,0.727273,547.28,547.28,0,1,1,0,11000,8735.607835
C10036,1656.350781,1,0,0,99.264367,0,0,0.083333,1800,351.500199
C10037,7427.076941,1,0,0,8873.375046,0,0,0.727273,9000,1636.361601
C10038,4047.480828,1,2380.55,738.38,1697.660901,0.75,0.75,0.333333,5000,1617.894416
C10039,6269.418144,1,204,0,2925.699862,0.083333,0,0.333333,9000,1237.111661
C10040,1411.60223,0.454545,963.24,0,6173.682877,0.083333,0,0.333333,7500,20071.07544
C10041,663.44781,0.727273,0,0,3133.063934,0,0,0.25,1800,3067.05783
C10043,784.889762,0.909091,1526.59,740.29,2188.419607,0.583333,0.333333,0.25,3000,1262.309666
C10044,4104.710798,1,203.82,0,0,0.083333,0,0,4500,868.275275
C10045,1360.742377,1,0,0,1481.587093,0,0,0.083333,1500,378.294227
C10046,5315.945594,1,1525.44,1055.64,0,1,1,0,8500,1430.341501
C10047,2242.311686,1,437,340,184.648692,0.333333,0.333333,0.166667,2400,0
C10048,474.447149,0.5,109.74,109.74,1013.659552,0.375,0.25,0.125,1700,176.013005
C10049,3910.111237,1,0,0,1980.873201,0,0,0.5,4200,0
C10050,229.867179,1,2390.6,987.67,0,1,1,0,3300,2543.953559
C10051,863.809833,1,507.5,0,695.097159,0.166667,0,0.083333,4000,587.866451
C10052,4931.331857,1,901.42,255.35,8530.648614,0.625,0.25,0.875,12000,8113.297346
C10053,1078.888565,1,3107.85,886.11,0,0.666667,0.5,0,2500,1399.82834
C10054,1565.681099,1,0,0,321.359135,0,0,0.25,3500,691.825279
C10055,464.674156,0.888889,1979.22,0,1981.265503,0.666667,0,0.111111,3000,3110.052742
C10056,6.660517,0.636364,310,310,0,0.666667,0.666667,0,1000,417.016763
C10057,1311.995984,1,1283.9,0,0,0.25,0,0,6000,0
C10058,3625.218146,1,313.27,0,668.468743,0.25,0,0.416667,4000,0
C10059,2386.330629,1,5217.62,428.53,0,0.916667,0.5,0,7500,5678.729613
C10060,3971.138765,1,0,0,224.575517,0,0,0.181818,4000,764.938728
C10061,5493.90406,1,229,229,970.591332,0.416667,0.333333,0.333333,6000,2110.557023
C10062,1879.114033,0.727273,113,0,0,0.166667,0,0,6500,3509.686561
C10063,1555.793701,1,66.2,0,0,0.083333,0,0,1600,338.083661
C10064,809.582978,0.909091,0,0,3819.672466,0,0,0.545455,4150,4372.148648
C10065,7.152356,0.090909,840,0,0,0.083333,0,0,1600,0
C10067,1923.886805,1,1887.64,1887.64,1605.949371,1,1,0.083333,1850,3688.045998
C10068,1758.059987,1,412.33,87.12,0,0.583333,0.166667,0,1800,777.451648
C10069,809.847455,0.875,0,0,908.423608,0,0,0.125,1500,146.074769
C10070,1576.305029,1,0,0,382.908547,0,0,0.416667,2500,540.022225
C10071,3990.523579,1,263.5,72.9,0,0.666667,0.583333,0,6000,6876.836205
C10072,1699.435486,1,1363.69,0,0,0.333333,0,0,1700,1623.816348
C10073,5487.683724,1,419.1,419.1,625.399386,0.916667,0.833333,0.333333,6250,1288.214909
C10074,2990.422186,0.909091,4523.27,2859.18,27296.48576,0.666667,0.583333,0.833333,7000,28232.69446
C10075,656.01301,1,0,0,1474.349901,0,0,0.125,7000,910.457985
C10077,1808.972419,1,713.9,210.82,0,0.5,0.4,0,2250,889.017418
C10078,532.334517,0.909091,791.94,275.3,0,0.272727,0.181818,0,6000,1305.177304
C10079,5860.433624,1,561.87,312.37,0,0.833333,0.75,0,6000,1990.044998
C10080,1727.638449,1,606.11,0,0,1,0,0,11000,2959.920544
C10081,578.809679,1,320,320,0,0.75,0.666667,0,1500,1438.910569
C10082,1205.716678,1,0,0,38.325801,0,0,0.083333,1200,29.278671
C10083,6593.820644,1,388.66,0,4621.93458,0.583333,0,0.416667,7000,1624.583114
C10084,17.357563,0.909091,244.85,204.64,0,0.666667,0.583333,0,5000,357.802082
C10085,81.584711,0.272727,0,0,2985.300006,0,0,0.166667,9500,116.569033
C10086,3.78631,0.636364,133.05,104.85,0,0.416667,0.25,0,12000,210.053432
C10087,42.46443,0.545455,396,396,0,0.5,0.416667,0,1200,725.606194
C10088,1935.362486,1,4915.6,400.26,293.844792,1,0.333333,0.083333,9000,4921.066897
C10089,134.917202,1,1247.8,0,0,1,0,0,16500,1275.229436
C10090,7069.950386,1,1603.78,158.64,5626.004046,1,1,0.75,11000,4589.873897
C10092,8181.251131,1,2258.01,939.23,5251.228934,1,1,0.75,13500,3021.575846
C10093,4037.305658,1,45,0,104.238064,0.083333,0,0.083333,4500,1073.844885
C10094,6110.265264,1,0,0,2717.253917,0,0,0.416667,6500,1502.205631
C10095,9381.255094,1,5100.07,3952.24,370.737197,1,0.916667,0.083333,9000,6409.496345
C10096,1977.00709,1,1032.04,805.14,4335.919227,0.909091,0.818182,0.545455,4000,3056.424974
C10097,1321.47608,1,45.65,0,495.657934,0.083333,0,0.083333,1800,440.840439
C10098,1307.717841,1,405.6,0,0,0.166667,0,0,2400,0
C10099,2329.485768,1,213.34,0,0,0.25,0,0,2400,0
C10100,1139.782882,1,0,0,120.612912,0,0,0.083333,1200,151.823651
C10101,1619.955708,1,739.44,0,0,0.666667,0,0,6000,417.128532
C10102,3505.671311,1,0,0,1713.984305,0,0,0.5,4000,0
C10103,4.708041,0.363636,79,79,0,0.25,0.166667,0,7000,217.820198
C10104,0,0,0,0,89.849004,0,0,0.142857,3000,138.021428
C10105,4.875885,0.666667,20,0,0,0.111111,0,0,1500,26.487919
C10106,23.394411,0.272727,1346.28,1346.28,0,1,1,0,2000,712.149153
C10107,3539.801912,1,2823.8,1283.39,0,0.916667,0.833333,0,5700,9172.788366
C10108,0.62424,0.090909,389.96,389.96,0,1,1,0,4500,0
C10109,862.07238,1,0,0,920.309805,0,0,0.083333,4000,2236.890255
C10110,2441.542991,1,808,0,959.857263,0.25,0,0.333333,4000,532.741699
C10111,408.656365,1,941.64,941.64,0,1,1,0,2500,1097.78942
C10112,4986.400804,1,0,0,5439.467563,0,0,0.583333,8000,1241.538024
C10113,1246.624558,1,423.7,246.06,412.399058,0.666667,0.5,0.083333,2000,577.050373
C10114,6644.201651,1,4478.75,1757.16,7205.520805,1,1,0.583333,9000,10857.94321
C10115,156.216753,0.818182,1354.86,769.23,0,0.916667,0.833333,0,5500,858.976682
C10116,3393.351236,1,0,0,1008.348672,0,0,0.083333,4200,0
C10117,5322.994094,1,2812.2,1955.08,2510.352951,1,1,0.333333,8500,1509.423237
C10118,6458.56209,1,0,0,3360.228794,0,0,0.25,7000,1277.76778
C10119,175.341651,0.818182,1508.9,256.54,0,0.666667,0.333333,0,5000,1884.227778
C10120,680.195157,1,1045.57,377.62,0,1,1,0,3000,552.432305
C10121,223.763616,0.636364,2309.78,2309.78,0,0.583333,0.5,0,6500,1206.81188
C10122,1785.626943,1,0,0,576.206382,0,0,0.25,1800,687.691735
C10123,54.933231,0.272727,495,495,0,0.166667,0.166667,0,7000,1969.845566
C10124,2662.629852,1,0,0,509.023801,0,0,0.333333,3000,932.418855
C10125,8504.876253,1,6724.26,2624.18,1686.599777,1,1,0.5,17000,1888.756861
C10126,1464.324632,1,1174.39,0,0,0.25,0,0,9000,0
C10127,2114.158683,1,5580.85,5580.85,0,1,1,0,8500,3564.977774
C10128,2876.396444,1,0,0,998.84867,0,0,0.166667,3200,1065.426905
C10130,14224.11541,1,0,0,4614.427403,0,0,0.333333,19000,3066.614272
C10131,2392.917738,1,12462.44,0,0,0.916667,0,0,2800,11628.71557
C10132,57.453201,0.75,0,0,272.713302,0,0,0.125,1200,385.853874
C10133,4245.855092,1,1957.3,880,0,0.833333,0.583333,0,5000,1004.35474
C10134,11167.23403,1,150.64,0,8362.154254,0.083333,0,0.5,17000,2606.059389
C10135,69.405545,0.090909,0,0,2799.714934,0,0,0.083333,13000,0
C10136,116.654149,0.272727,907,0,273.558033,0.25,0,0.083333,5000,0
C10137,4637.848144,1,1271.12,919.58,0,0.833333,0.833333,0,5000,1906.032044
C10138,24.28497,0.636364,250.6,250.6,0,0.583333,0.5,0,3000,319.762903
C10139,9354.06045,1,796.33,0,13748.47131,0.083333,0,0.666667,13000,10664.65866
C10140,231.108995,1,440,440,0,0.916667,0.916667,0,4000,554.116542
C10141,1562.633343,1,1330.62,160.99,0,0.5,0.25,0,2000,1020.783647
C10142,2494.868559,1,5491.79,4101.29,0,1,1,0,17000,1015.311953
C10143,706.132889,1,897.86,183.34,586.268966,0.916667,0.916667,0.25,1200,972.358048
C10144,19043.13856,1,22009.92,12560.85,0,1,1,0,18000,23018.57583
C10145,2235.103331,1,720.6,0,723.308724,1,0,0.083333,2500,1061.292471
C10146,947.13081,1,197.06,48.4,0,0.333333,0.166667,0,1000,492.200419
C10147,764.042156,0.818182,0,0,1307.102516,0,0,0.166667,7500,1566.806897
C10148,5347.814547,1,0,0,4002.353384,0,0,0.5,7000,0
C10149,10598.46777,1,2084.48,784,0,0.666667,0.583333,0,21500,3219.621433
C10150,2163.678757,1,5779.36,2342.83,0,1,1,0,6500,4416.41268
C10151,3057.400553,1,1025,0,0,0.083333,0,0,7500,698.854095
C10152,19.354559,0.909091,689.7,689.7,0,0.833333,0.833333,0,10000,746.691026
C10153,264.811595,1,28.65,0,384.26178,0.083333,0,0.083333,9000,1235.630069
C10154,1108.22253,0.909091,944.96,780,0,0.5,0.416667,0,1500,1955.198953
C10155,906.573724,1,1039.2,959.2,103.102091,0.833333,0.833333,0.083333,13500,1855.235407
C10156,7679.62904,1,4059.93,4059.93,555.469352,0.583333,0.5,0.166667,7000,3685.61062
C10157,1523.911458,1,4075.37,753.09,0,1,1,0,6500,2254.26002
C10158,49.206256,1,870.24,870.24,0,1,1,0,8000,835.839952
C10159,13673.07961,1,9792.23,5832.42,2444.445738,1,1,0.75,20000,11717.30794
C10160,106.455975,0.636364,2463.12,1673.59,0,1,1,0,4000,2573.722764
C10161,119.760904,0.363636,1859.34,1859.34,0,0.333333,0.25,0,20000,3104.275623
C10162,5837.105453,1,3488.49,226.24,3303.1523,1,0.5,0.75,7900,0
C10163,1734.510004,1,0,0,66.275851,0,0,0.166667,1800,363.474455
C10164,2765.748281,1,7283.31,2196,0,1,0.666667,0,11000,14373.3929
C10165,1046.37041,1,295,0,93.579809,0.083333,0,0.083333,1200,439.407082
C10166,2737.367678,1,0,0,429.691164,0,0,0.416667,3000,778.827993
C10167,4014.818167,1,0,0,988.356213,0,0,0.083333,8500,1009.185035
C10168,871.568977,1,648.22,533.22,0,1,1,0,1200,1110.886425
C10169,1610.040203,1,557.19,31.55,0,0.25,0.166667,0,4000,422.711848
C10170,114.593817,1,469.98,469.98,0,1,0.833333,0,1000,367.109312
C10171,5800.587339,1,0,0,369.950794,0,0,0.083333,6500,1346.365584
C10172,823.103926,0.363636,131.64,131.64,0,1,1,0,8000,2916.071564
C10173,595.677343,1,5078.14,747.61,1424.442602,0.916667,0.75,0.083333,15000,4756.654374
C10174,1128.124563,1,924.6,924.6,0,1,1,0,1000,1202.711782
C10175,349.441102,1,1975.4,581.9,0,0.666667,0.333333,0,4000,1795.012223
C10176,840.804076,0.666667,0,0,3671.777443,0,0,0.222222,4000,3621.266477
C10177,975.942008,1,10221.35,3079.97,1620.685551,1,0.833333,0.583333,10500,10693.49585
C10178,23.111088,0.363636,300,300,0,0.25,0.166667,0,12500,291.948834
C10179,2187.732265,0.857143,0,0,3905.326256,0,0,0.285714,3000,1423.788603
C10180,11972.01104,1,5715,1029.46,1626.351366,1,1,0.166667,14000,4639.513745
C10181,1608.451822,1,0,0,205.737165,0,0,0.166667,1800,470.565984
C10182,1872.926275,1,766.61,0,1017.120578,0.833333,0,0.25,2300,0
C10183,2933.240476,1,0,0,2040.433925,0,0,0.583333,3000,2431.578544
C10184,336.799916,1,3535.8,1921.1,0,1,0.916667,0,20000,2814.231227
C10185,36.236312,0.454545,256.11,256.11,0,0.416667,0.416667,0,5300,831.375322
C10186,903.29781,1,2697.48,2546.98,0,1,1,0,2500,1686.196344
C10187,0,0,23,23,0,0.083333,0.083333,0,5000,0
C10188,2881.253586,1,117,117,17661.49486,0.25,0.166667,0.75,4500,17301.83238
C10189,5.465999,0.090909,196.81,23.81,0,0.083333,0.083333,0,12000,0
C10190,117.442684,1,653.73,160.73,0,0.666667,0.416667,0,10000,441.588141
C10191,168.522709,0.818182,2009.05,2009.05,0,0.833333,0.75,0,1200,2612.760497
C10192,1706.014379,1,147.78,147.78,1657.090283,0.166667,0.166667,0.25,6000,1186.062765
C10193,874.583247,1,516.54,357.47,0,1,0.916667,0,900,579.749308
C10194,861.001207,1,969.56,0,446.233197,0.416667,0,0.083333,2400,0
C10196,966.251742,1,311.45,0,955.959749,0.333333,0,0.083333,1500,277.522439
C10197,38.615644,0.727273,280.4,0,0,0.25,0,0,6150,254.392984
C10198,189.687964,1,66.14,0,0,0.083333,0,0,6000,0
C10199,40.417255,0.363636,79.2,0,1631.576375,0.083333,0,0.083333,4000,1647.880773
C10200,5462.897068,1,1453.32,1453.32,0,0.5,0.5,0,16500,1382.269127
C10201,3983.923705,1,756.54,0,0,0.5,0,0,4000,1110.870941
C10202,5588.846272,1,3507.35,2903.6,0,0.916667,0.833333,0,11500,1412.597253
C10203,281.170378,0.818182,3163.69,3106.89,0,0.75,0.666667,0,8000,2422.911622
C10204,130.251538,0.909091,1343.19,260.4,0,1,0.583333,0,15000,1043.55929
C10205,1973.814964,1,873,0,0,0.166667,0,0,8000,541.722532
C10206,5698.539876,1,47.55,47.55,2039.52804,0.166667,0.166667,0.75,6000,2976.579866
C10207,43.103899,0.454545,370,0,0,0.166667,0,0,23000,1212.054219
C10208,566.546048,0.909091,405.75,92,1044.651618,0.5,0.416667,0.333333,2000,1249.835142
C10209,24.527253,0.909091,261.64,261.64,0,0.833333,0.833333,0,4000,376.758504
C10211,8350.145568,1,1989.28,1146.48,893.757903,0.333333,0.166667,0.083333,14000,4720.900413
C10212,4559.779234,1,10848.5,2640.5,0,1,1,0,7500,9423.715495
C10213,2.67713,0.090909,43.39,43.39,0,0.083333,0.083333,0,4000,130.107234
C10214,1570.682346,1,645.32,0,1665.331678,0.166667,0,0.416667,1800,2591.391006
C10215,7201.736985,1,987.1,125,5468.620604,0.333333,0.083333,0.25,10500,1941.541158
C10216,6467.885013,1,1464.14,485.43,3947.86784,0.833333,0.666667,0.416667,11500,1658.563509
C10217,64.080909,0.454545,927,327,0,0.25,0.166667,0,5000,1260.16384
C10218,5635.860679,1,393.62,239.9,5933.467329,0.916667,0.166667,0.75,10000,1919.630466
C10219,3670.50596,1,965.5,89.37,0,0.5,0.083333,0,7500,1034.932404
C10220,2458.376257,0.818182,0,0,102.275984,0,0,0.083333,7500,4543.63481
C10221,768.004936,1,336.41,0,0,0.75,0,0,6000,947.696134
C10222,75.647479,0.727273,540,540,0,0.25,0.166667,0,4000,548.967281
C10223,2.433254,0.181818,36,36,0,0.166667,0.083333,0,7500,0
C10224,1121.730896,1,878.52,775.42,197.648111,1,0.916667,0.083333,1500,542.836917
C10226,7.56809,0.545455,144.26,77.18,0,0.333333,0.166667,0,11500,134.710832
C10227,2053.441598,1,493.85,52.5,1738.33378,0.5,0.25,0.833333,2000,2795.059574
C10228,2422.311938,1,4490.69,1034.44,188.783221,1,1,0.083333,8500,5763.666926
C10229,9047.621884,1,11188.62,5089.46,0,1,1,0,10000,11994.41815
C10230,3061.213971,1,1829.2,36.5,0,1,0.083333,0,7000,971.234118
C10231,41.642389,0.857143,75.99,0,0,0.142857,0,0,2700,69.163384
C10232,5431.622968,1,1824.16,225.6,0,1,0.75,0,14500,1508.016452
C10233,6571.484039,1,9325.22,0,0,0.333333,0,0,8500,11036.72668
C10234,28.461629,1,100,0,0,0.083333,0,0,4000,125.769169
C10235,4178.625215,1,1431.89,1001.2,0,1,0.833333,0,4000,2384.542045
C10236,3019.019487,1,2260.41,904.08,0,0.833333,0.75,0,8500,2187.930651
C10237,1.045584,0.333333,0,0,466.643895,0,0,0.111111,1200,1068.581252
C10238,2723.369217,0.909091,10410.49,9251.65,0,0.75,0.583333,0,19500,9695.650901
C10239,1070.999446,1,990.7,508.7,0,0.75,0.583333,0,1400,505.317328
C10240,279.608696,1,3034.92,3034.92,0,1,1,0,2900,2928.909865
C10241,1255.901821,1,1038.81,0,1092.634704,0.916667,0,0.083333,5700,1215.454299
C10242,2229.857287,1,45.65,0,0,0.083333,0,0,2500,542.7463
C10243,2363.489077,1,2641.98,1255.68,263.884743,0.833333,0.75,0.083333,3000,1839.928884
C10244,4014.388265,1,1189.52,0,0,1,0,0,8000,0
C10245,7623.224897,1,300,300,2800.728343,0.5,0.416667,0.25,12000,1975.974183
C10246,3421.571922,1,126.69,83.81,154.341344,0.333333,0.25,0.083333,10500,2515.435738
C10247,48.898611,0.545455,247.09,247.09,182.357669,0.5,0.416667,0.166667,5500,409.594792
C10248,1874.716289,1,301.1,218.1,0,0.583333,0.333333,0,1950,586.974046
C10249,3215.511032,0.818182,1112.2,0,7616.064965,0.25,0,0.25,7200,0
C10250,237.235398,0.636364,2410.07,739.57,0,0.5,0.333333,0,4000,3773.727455
C10251,1272.927288,1,5350.19,566.85,0,1,0.916667,0,8000,5825.602115
C10252,558.476701,1,630.03,0,0,0.090909,0,0,5500,426.092563
C10253,2814.207626,1,3197.24,1117.22,0,1,1,0,3000,3574.480603
C10254,8.061012,0.363636,133,133,0,0.25,0.166667,0,3000,130.61272
C10255,435.862142,1,1646.16,622.74,0,1,0.75,0,12000,1055.835407
C10256,6.390383,1,79.66,79.66,0,1,1,0,1500,75.896288
C10257,9612.21512,1,319.92,319.92,13439.5704,1,1,0.416667,12000,10993.89211
C10258,7938.559134,1,3677.52,133.79,0,1,0.5,0,12500,2657.856602
C10259,2344.478291,1,1041.63,0,4003.968939,0.25,0,0.333333,4000,3033.665478
C10260,996.48222,1,675.96,675.96,0,1,1,0,1000,1851.602411
C10261,19.508047,1,193.14,193.14,0,0.416667,0.416667,0,2000,220.46377
C10262,185.640313,1,1703.23,0,0,1,0,0,11500,1449.039414
C10263,5335.302925,1,0,0,468.958688,0,0,0.166667,6000,1350.318606
C10265,22.189283,0.363636,234.16,234.16,0,0.363636,0.272727,0,1500,479.910499
C10266,5.871769,0.818182,29.68,0,0,0.083333,0,0,10000,76.943584
C10267,1049.496471,1,1322.67,225.96,774.260436,0.833333,0.416667,0.25,11000,802.38543
C10269,5570.190127,1,1607.88,1607.88,0,1,1,0,13500,1583.411686
C10270,1668.591831,1,0,0,1716.941235,0,0,0.166667,1800,2166.981163
C10271,2224.590946,0.818182,3183,0,0,0.166667,0,0,9000,3823.346244
C10272,2903.781184,1,3014.23,1673.89,103.610197,1,1,0.083333,4500,1350.370286
C10273,2041.480046,1,7323.38,2378.5,191.331735,1,0.75,0.083333,3000,3792.095079
C10274,7755.698607,1,8533.54,4460.78,7540.30735,1,0.833333,0.5,10000,4758.209146
C10275,614.263149,0.727273,408.93,334.13,0,0.5,0.5,0,9000,2161.153147
C10276,8097.334733,1,3999.92,3799.92,0,1,1,0,7500,5624.074339
C10277,1082.33027,1,2980.46,2322.68,0,1,1,0,6000,1116.967993
C10278,2734.66412,1,560.73,0,0,0.916667,0,0,7500,717.798364
C10279,80.708806,1,569.9,0,0,0.166667,0,0,9500,634.000055
C10280,2554.525229,1,6186.77,87.69,1898.690655,0.916667,0.25,0.083333,10950,11198.92613
C10281,535.947221,1,4550.81,1533.83,438.469118,1,1,0.083333,8500,4317.191232
C10282,3905.365959,1,150.8,0,1659.19931,0.166667,0,0.416667,7500,990.524408
C10283,156.278339,1,1385.1,380,0,1,0.75,0,14000,1280.473571
C10284,5131.319584,1,32539.78,5992.35,0,1,1,0,11500,26652.34432
C10285,5265.763713,1,410.24,365.53,15452.97758,0.916667,0.916667,0.333333,16500,12005.3074
C10286,2.564117,0.181818,47.95,0,0,0.083333,0,0,1500,294.507498
C10287,1873.084577,1,126.57,0,181.139378,0.25,0,0.083333,2100,483.557464
C10288,32.124999,0.272727,380.89,0,0,0.083333,0,0,5700,0
C10289,1473.495809,1,414,414,0,0.75,0.666667,0,10500,5863.94034
C10290,1504.82705,1,2010,1380,1189.292764,1,1,0.083333,8500,859.829946
C10291,7645.108427,1,4693.15,360.5,0,0.5,0.333333,0,13500,4786.64868
C10292,1129.33758,1,498.96,498.96,72.259355,1,1,0.083333,1000,829.505486
C10293,668.956687,1,224.2,76.08,0,0.583333,0.416667,0,9500,568.336995
C10294,2302.184366,1,2856.57,1933.73,0,1,1,0,2500,2914.419813
C10295,272.711518,0.818182,0,0,682.156051,0,0,0.083333,3000,2755.877257
C10296,4246.430225,1,0,0,9270.408108,0,0,0.666667,7000,6010.525656
C10297,2420.761135,1,0,0,567.233798,0,0,0.083333,3000,871.713321
C10298,2935.324966,1,409.63,57.76,1876.241162,0.583333,0.083333,0.25,5000,580.13865
C10299,83.148283,0.636364,843.34,0,0,0.5,0,0,6500,1024.267592
C10300,5469.851311,1,0,0,512.792701,0,0,0.166667,6000,1362.966798
C10301,280.142117,1,2236.49,1477.97,0,1,0.666667,0,10000,1986.838064
C10302,5790.930626,1,464.51,65.1,2516.727082,0.416667,0.166667,0.166667,6000,1515.594331
C10303,3605.714046,1,1779,0,0,0.166667,0,0,5000,856.05828
C10304,3992.261885,1,0,0,348.834361,0,0,0.583333,4000,1057.678259
C10305,41.833264,1,456.36,456.36,0,1,0.916667,0,6000,370.996177
C10306,635.090434,0.818182,5758.71,3506.34,0,0.75,0.75,0,2900,7943.57021
C10307,1521.1681,1,245.98,0,2792.67597,0.166667,0,0.25,6000,2261.523522
C10308,5547.092593,1,0,0,3298.958165,0,0,0.083333,12000,1786.142816
C10309,2503.107213,1,733.9,0,0,1,0,0,3000,1620.193277
C10310,191.450711,1,1641.07,0,380.972341,0.666667,0,0.083333,500,1583.918811
C10311,3621.70204,1,674.73,0,1684.957411,0.25,0,0.166667,4000,1139.058595
C10312,2762.479434,1,2702.47,1176.16,0,1,1,0,11000,7596.768364
C10313,4338.606862,1,0,0,1817.569093,0,0,0.083333,8000,8019.800702
C10314,388.873921,0.727273,1579.15,116.8,0,0.583333,0.25,0,2700,451.600059
C10315,9261.310686,1,0,0,8603.045938,0,0,0.416667,11000,1933.413908
C10316,208.131845,1,2161.38,1709.88,0,1,1,0,4500,2059.879468
C10317,169.088238,1,1482.19,1036.12,0,1,0.666667,0,6000,1289.570234
C10318,133.911556,1,1446.05,901.6,0,1,1,0,3500,1364.121036
C10319,1613.34907,0.909091,0,0,1606.322681,0,0,0.181818,4500,312.433361
C10320,566.908563,1,397.06,93.36,0,0.666667,0.583333,0,2100,0
C10321,53.208422,1,498.17,39.15,0,0.916667,0.083333,0,15000,611.606459
C10322,1329.967543,1,2009.12,712.44,1763.794583,1,1,0.25,2500,2715.972095
C10323,515.904786,1,5359.02,2959.24,0,1,1,0,6000,0
C10324,927.041961,1,0,0,402.974164,0,0,0.333333,1000,719.974244
C10325,1872.767651,1,0,0,3394.509419,0,0,0.166667,5500,1151.721386
C10326,185.396312,1,0,0,842.456926,0,0,0.363636,1000,117.542764
C10327,4823.822993,0.857143,0,0,6481.300951,0,0,0.142857,7000,863.62306
C10328,994.105777,1,126.2,0,0,0.833333,0,0,1950,314.302968
C10329,40.089221,1,225,225,0,1,1,0,1500,325.578502
C10330,0.478714,0.090909,734.97,575.97,0,0.833333,0.75,0,6000,1159.135064
C10331,4732.37354,1,14.95,14.95,2173.356068,0.083333,0.083333,0.416667,5700,1289.284068
C10332,9206.811696,1,874.98,524.98,4653.693195,0.75,0.666667,0.333333,12500,2055.100879
C10333,6719.376505,1,0,0,2443.262416,0,0,0.333333,7500,1493.089193
C10334,2233.074041,1,445.2,0,0,0.166667,0,0,8000,1042.991769
C10335,1867.649838,1,0,0,3264.573342,0,0,0.666667,4500,476.162309
C10336,57.842746,1,689.34,689.34,0,1,1,0,1500,453.842413
C10337,4194.033835,0.727273,2006.87,1586.27,0,0.666667,0.666667,0,21000,19714.09728
C10338,2459.862339,1,678,0,927.25167,1,0,0.25,2500,1926.31853
C10339,850.630114,1,0.05,0,1700.634586,0.083333,0,0.333333,1000,1084.281127
C10340,353.198215,1,3085.69,52.72,0,1,0.083333,0,8500,2690.525687
C10341,2669.160638,1,0,0,142.141325,0,0,0.166667,3000,642.777061
C10342,92.440743,0.909091,1080,0,0,0.75,0,0,6000,1077.058667
C10343,706.675991,1,2721.16,303.75,0,1,1,0,6500,4952.900653
C10344,361.319366,1,3095.96,1712.4,0,1,0.833333,0,14000,4003.782858
C10345,2324.086254,0.909091,0,0,1600.758078,0,0,0.909091,2300,2147.890523
C10346,2922.487907,1,71.07,71.07,3595.158425,0.25,0.166667,0.166667,9500,9226.751112
C10347,98.364739,0.181818,65,65,0,0.166667,0.166667,0,1200,718.794328
C10348,498.208616,1,4786.61,388.97,0,0.916667,0.5,0,9000,3805.669705
C10349,16.93339,0.454545,174.42,174.42,0,0.333333,0.25,0,2500,347.08638
C10350,3355.631092,1,242.88,242.88,0,1,1,0,13500,6084.115091
C10351,907.982017,1,216.94,0,1011.997944,0.166667,0,0.166667,3200,222.02316
C10352,1132.386178,0.454545,2246.3,0,14048.07181,0.333333,0,0.416667,6000,32048.6122
C10353,1254.6691,1,361.73,0,198.686744,0.166667,0,0.083333,1500,535.606816
C10354,80.336636,0.6,330,0,0,0.1,0,0,1800,345.330572
C10355,260.838885,1,2854.11,1056.15,0,1,0.916667,0,9500,2437.332725
C10356,17.356961,0.454545,390,300,0,0.5,0.5,0,2000,302.454171
C10357,1897.672025,1,422.18,0,0,1,0,0,5500,2961.632199
C10358,1032.241153,1,1005.52,541.02,0,1,0.833333,0,3000,1866.265366
C10359,3536.601227,1,2132.93,1173.83,5340.016172,1,1,0.75,11000,8251.146946
C10360,21.580264,0.909091,284.72,284.72,0,0.666667,0.666667,0,5000,344.161416
C10361,4211.539631,1,0,0,455.581546,0,0,0.083333,10500,1288.287239
C10362,1732.715258,1,3244.16,763.31,0,1,0.5,0,11500,5674.185857
C10364,8939.461145,1,2490.17,1585,5309.949725,0.5,0.416667,0.5,9500,3957.017497
C10365,36.567901,0.090909,1098.31,0,0,0.083333,0,0,4800,0
C10366,41.754778,0.181818,636.15,0,0,0.166667,0,0,8500,918.414211
C10367,1937.246177,1,3018.93,1316.31,0,1,1,0,5000,3909.837604
C10368,99.955082,1,1222.97,1020,0,1,1,0,19500,1142.077891
C10369,5135.604593,1,110.18,110.18,6551.99521,0.333333,0.333333,0.333333,6000,1716.998424
C10370,214.896542,0.636364,0,0,1192.015721,0,0,0.083333,3000,2298.902197
C10371,1543.287931,1,0,0,36.481832,0,0,0.083333,1800,548.589391
C10372,601.92037,1,983.77,380,0,0.666667,0.25,0,2400,389.411161
C10373,1261.05733,1,0,0,474.429843,0,0,0.25,1500,866.865018
C10374,85.285023,0.75,423.24,136.24,0,0.625,0.375,0,11000,296.01675
C10375,1903.688611,1,6079.5,1360,10227.22894,0.916667,0.666667,0.25,7300,18552.39489
C10376,813.068705,1,439.38,0,727.658311,0.083333,0,0.25,1200,237.996469
C10377,1279.325142,1,1207.25,1207.25,0,1,1,0,1200,1282.705869
C10378,237.669312,1,259.13,0,0,0.083333,0,0,2300,2680.635587
C10379,5747.761139,1,1627.69,1627.69,0,1,1,0,5500,2507.704747
C10380,7760.940543,1,0,0,3423.085934,0,0,0.5,8000,2845.010795
C10381,6388.108487,1,0,0,3768.696678,0,0,0.25,8000,10973.14532
C10382,426.372628,1,5749.96,310,0,1,0.25,0,12000,5711.540654
C10383,8806.866629,1,1490.94,1490.92,2813.063846,1,1,0.166667,9000,2116.662516
C10384,282.934373,0.181818,0,0,2333.150712,0,0,0.083333,3000,0
C10385,1128.229387,1,5068.88,1539,0,1,1,0,4500,3904.568067
C10386,2045.541408,1,1067.28,1067.28,0,1,1,0,2000,2021.775795
C10387,8.520292,0.545455,64.12,0,0,0.166667,0,0,7000,176.600545
C10388,11278.95243,1,6855.59,4092.67,0,0.916667,0.833333,0,18500,4868.088671
C10389,143.443832,0.636364,1631,1631,0,0.583333,0.583333,0,2500,2550.799492
C10390,241.223955,0.909091,180.91,0,0,0.166667,0,0,1400,802.858576
C10391,1528.571561,1,0,0,172.931118,0,0,0.166667,1600,353.582373
C10392,12474.72954,1,136.88,136.88,515.147607,0.166667,0.166667,0.166667,14000,3519.008859
C10393,566.147105,1,0,0,187.572355,0,0,0.083333,2000,1177.661577
C10395,1077.606225,0.727273,343.21,0,1609.900552,0.25,0,0.333333,1500,930.328071
C10396,1.838084,0.272727,16.5,0,0,0.083333,0,0,6000,57.595083
C10397,507.144348,1,5708.18,1123.4,0,1,0.75,0,4000,5589.952268
C10398,816.82453,0.3,42.3,0,3967.709973,0.1,0,0.2,6000,361.853722
C10399,1526.506915,1,46.67,0,0,0.083333,0,0,1800,338.413344
C10400,7957.017218,1,0,0,4909.937494,0,0,0.25,9000,677.144841
C10402,79.189929,1,699.12,699.12,0,1,1,0,2500,697.977603
C10403,497.908027,1,245.39,245.39,0,0.583333,0.5,0,4000,328.796655
C10404,681.95925,1,98,0,0,0.166667,0,0,4000,192.369983
C10405,1535.248256,1,857.36,0,0,1,0,0,6550,3239.629759
C10406,1508.513765,0.818182,2747.12,1500,246.046033,0.25,0.166667,0.083333,5000,4730.374245
C10407,11209.37076,1,11147.33,10009.93,2728.576925,1,1,0.166667,11000,7932.77402
C10408,201.3504,1,600,600,0,0.5,0.416667,0,1000,249.066308
C10409,2502.264409,1,0,0,2368.872642,0,0,0.083333,10000,541.308981
C10410,4543.789386,1,255.12,250.12,0,0.666667,0.5,0,8500,1703.332126
C10411,918.342234,1,1221.53,41.53,1078.788118,0.333333,0.166667,0.166667,1200,1421.035206
C10412,5066.744231,1,0,0,1974.503664,0,0,0.25,13000,1336.016317
C10413,2259.431829,1,780.64,580.99,1227.555485,1,0.833333,0.333333,3500,663.553502
C10414,437.789873,1,1532.1,1309.1,0,0.75,0.666667,0,5000,1834.368953
C10415,2025.162877,1,778.33,778.33,0,0.916667,0.916667,0,2000,1411.329676
C10416,3770.560441,0.875,964.06,704.06,5140.287889,0.875,0.75,0.625,6000,565.71913
C10417,140.730723,1,1667.13,603.99,0,1,0.833333,0,13000,1669.260634
C10419,5523.999416,1,0,0,4087.167822,0,0,0.25,8000,0
C10420,3298.692478,1,1088.83,570.44,0,0.416667,0.333333,0,9000,6862.520735
C10421,150.699542,0.363636,648.64,318.64,0,0.333333,0.25,0,2500,0
C10422,1874.843394,1,0,0,120.178123,0,0,0.083333,2100,444.783009
C10423,3024.629054,1,0,0,2171.139178,0,0,0.333333,4500,4226.578611
C10424,154.641707,0.363636,1897.92,1800,0,0.25,0.166667,0,13500,5563.437084
C10425,1322.057239,1,0,0,76.260896,0,0,0.090909,6200,802.038512
C10426,62.287137,1,1263.29,983.3,0,1,0.583333,0,9500,1356.425369
C10427,16.581535,0.125,200,200,0,0.125,0.125,0,1200,0
C10428,4664.023286,1,340,0,3510.115735,0.083333,0,0.25,6000,2162.141639
C10429,318.03434,1,1277.58,1277.58,0,1,1,0,7000,552.734714
C10430,681.615445,1,4117.24,3827.24,0,1,1,0,6000,4561.589382
C10431,9335.31417,1,226.23,0,0,0.166667,0,0,15000,1885.239981
C10432,6404.955912,1,3970.8,1703.8,0,1,0.916667,0,7500,3879.252512
C10433,133.405494,0.545455,1346.9,318.9,0,0.583333,0.416667,0,8000,1369.437449
C10434,1403.597712,1,1050.83,982.93,4083.515108,1,1,0.25,5000,4673.520993
C10435,469.878834,1,1364.99,1300,284.754535,0.5,0.416667,0.166667,2000,1849.10398
C10436,1452.437463,1,0,0,114.918715,0,0,0.25,1500,331.670616
C10437,3737.175713,1,0,0,3017.170336,0,0,0.166667,4500,0
C10438,6032.740391,1,7553.48,4909.95,0,0.916667,1,0,13500,5377.338091
C10439,1692.755487,0.909091,570.16,570.16,2817.05225,0.833333,0.833333,0.333333,9000,6124.31525
C10441,3534.253718,1,566.28,135.27,3888.756412,0.5,0.333333,0.083333,4000,1298.823687
C10442,654.574445,1,0,0,2819.60583,0,0,0.083333,8000,422.878799
C10443,1648.721384,1,0,0,39.646806,0,0,0.090909,1800,357.836436
C10444,6822.877573,1,137.34,0,4815.112874,0.083333,0,0.666667,10000,1874.954894
C10445,8647.057641,1,0,0,5105.254316,0,0,0.416667,10000,2052.533488
C10446,5055.582822,1,0,0,3435.737817,0,0,0.090909,9000,6918.272206
C10447,4245.550244,1,332.82,332.82,6649.712062,1,1,0.666667,5000,5810.994681
C10448,541.915572,0.636364,1377.72,0,0,0.25,0,0,2500,182.177646
C10449,4855.340797,1,0,0,1886.470361,0,0,0.083333,6000,2996.735376
C10450,981.643409,0.818182,0,0,1462.32354,0,0,0.083333,1500,2008.971745
C10451,7057.658848,1,360.7,0,6517.541812,0.083333,0,0.333333,8000,5147.693822
C10452,4264.307261,1,222.64,222.64,249.298208,0.916667,0.833333,0.25,4500,1017.241855
C10453,4503.390811,1,1634.74,258.74,94.837161,1,1,0.083333,13000,1094.345336
C10454,969.294446,1,0,0,340.249539,0,0,0.083333,1200,591.853821
C10455,4479.115547,1,759.15,0,2493.111705,1,0,0.25,6000,994.500495
C10456,37.753941,0.363636,243.36,0,0,0.083333,0,0,1800,546.417272
C10457,7386.704481,0.9,0,0,10713.8746,0,0,0.4,10500,7566.577763
C10458,1265.805627,0.818182,0,0,2820.528417,0,0,0.25,2500,1370.235544
C10459,598.78776,1,519,519,0,0.818182,0.636364,0,4500,621.255763
C10460,3143.928913,1,3055.87,0,0,0.75,0,0,4500,2198.293667
C10461,5580.530306,1,2470.4,2012.67,1652.878895,0.5,0.5,0.083333,9500,3340.041274
C10462,576.635957,1,1671.6,1191.6,0,1,1,0,1800,1021.907217
C10463,51.818382,0.454545,903.36,0,0,0.25,0,0,15000,538.841222
C10466,1036.595935,1,0,0,193.738137,0,0,0.083333,1200,274.653536
C10467,21.12921,0.545455,229.5,175.5,0,0.5,0.416667,0,3150,423.206638
C10468,1534.969344,1,1476.19,0,0,1,0,0,2500,1493.919986
C10469,4994.04832,1,2506.89,0,0,0.75,0,0,8500,1230.219396
C10470,4700.106602,1,2570,2077.54,124.563782,0.75,0.666667,0.166667,4500,3259.958288
C10471,9601.071318,1,238.34,238.34,4809.11955,0.833333,0.833333,1,15000,1194.510762
C10472,1207.888199,0.875,1342.36,304.4,1738.109478,0.875,0.5,0.25,4000,288.883026
C10473,87.442862,0.818182,786.32,600,0,0.636364,0.545455,0,7500,881.284581
C10474,123.394089,0.909091,1450.68,1450.68,0,1,1,0,6000,1583.421932
C10475,395.052994,1,1239.46,487.18,0,0.666667,0.416667,0,1500,401.217047
C10476,1715.459275,1,96.75,62.1,19.141227,0.333333,0.25,0.083333,1800,452.225512
C10477,1492.039988,1,4106.15,1417.69,734.816479,0.333333,0.416667,0.083333,12000,9678.173119
C10478,636.669685,1,2022.38,130,0,0.916667,0.333333,0,6000,939.306791
C10480,223.772475,1,3654.08,3362.67,0,1,1,0,2500,3301.334578
C10481,1122.603377,1,883.73,426.11,0,0.833333,0.75,0,3000,632.062443
C10482,805.131074,1,795.54,628.14,418.482499,1,1,0.083333,1700,1804.065076
C10483,869.001444,1,0,0,278.591282,0,0,0.083333,1200,541.101815
C10484,4458.055159,1,0,0,2806.959645,0,0,0.583333,7500,1088.755323
C10485,2070.069187,1,1382.57,304.82,0,1,0.833333,0,2400,1580.0815
C10486,52.229659,1,565.5,565.5,101.137379,1,1,0.083333,8500,2768.795805
C10487,6426.639738,1,4462.86,1646.4,4599.625146,1,0.916667,0.333333,11800,1793.043228
C10488,206.596865,0.363636,1726.67,0,0,0.166667,0,0,6000,4804.383296
C10489,5810.748774,1,217,0,12377.36037,0.166667,0,0.583333,9000,10428.37611
C10490,3872.605467,1,0,0,1483.933054,0,0,0.416667,4000,1067.405461
C10491,2597.400267,1,1748.73,1230.29,0,1,1,0,6500,2497.488126
C10492,1481.43247,1,0,0,149.36039,0,0,0.083333,1800,586.426259
C10493,1135.53683,1,50.98,50.98,0,0.333333,0.333333,0,1200,320.592941
C10494,3430.981532,1,378.04,378.04,0,0.166667,0.166667,0,11300,4315.936534
C10495,4102.599015,1,1483.12,397.93,1992.715742,0.833333,0.583333,0.166667,5000,1357.36111
C10497,150.952465,0.727273,6407.67,2682.34,0,1,1,0,14500,3484.429075
C10498,3170.537693,0.909091,0,0,1161.103112,0,0,0.181818,3500,547.23924
C10501,911.281862,1,70,0,0,0.083333,0,0,8500,566.292758
C10502,45.753138,0.545455,449.96,449.96,0,0.5,0.5,0,7000,1023.209164
C10503,456.648662,1,3355.33,1050,0,0.916667,0.833333,0,6500,2087.871747
C10504,198.035504,0.545455,0,0,14371.78789,0,0,0.25,10000,14481.46544
C10505,473.840442,0.727273,0,0,818.124484,0,0,0.333333,3000,142.286073
C10506,285.813075,1,3220.09,278.7,0,1,0.416667,0,15000,826.764555
C10507,204.329381,1,6558.55,0,0,1,0,0,7000,5872.707939
C10508,3690.177649,1,0,0,1328.643945,0,0,0.5,4000,1006.358943
C10509,327.445978,1,4305.05,1399.34,0,1,0.916667,0,9500,4030.061017
C10510,6856.045926,1,262.1,0,3053.777459,0.166667,0,0.333333,13000,1629.239381
C10511,155.644239,0.727273,1626.83,797.98,0,0.75,0.166667,0,13000,1924.101393
C10512,4263.008734,1,3522.57,2040.57,2485.845274,1,1,0.25,6000,1165.621928
C10513,10249.71178,1,0,0,2438.356719,0,0,0.333333,18000,2662.365409
C10514,813.185305,1,8194.05,913.78,0,1,1,0,6000,7069.804042
C10515,911.893997,1,1604.8,77.5,1302.014616,0.25,0.083333,0.083333,4500,191.366024
C10516,3563.23692,1,709.9,100,779.264494,1,0.083333,0.166667,7000,826.576112
C10517,12478.17286,1,174,0,3269.418821,0.25,0,0.666667,14000,3251.190662
C10518,2061.27937,1,0,0,554.11523,0,0,0.25,4500,552.713988
C10519,1556.376158,1,0,0,655.037683,0,0,0.583333,1700,1076.722225
C10520,126.207012,0.636364,913,913,0,0.416667,0.333333,0,7500,1718.487894
